<?xml version="1.0" encoding="UTF-8"?>

<!DOCTYPE mapper

PUBLIC "-//mybatis.org//DTD Mapper 3.0//EN"

"http://mybatis.org/dtd/mybatis-3-mapper.dtd">

<mapper namespace="com.board.mapper.BoardMapper">

<!-- insert into values -->
<insert id="create">
insert into tb1_board(title, content, writer)
values(#{title}, #{content}, #{writer})
</insert>

<select id="read" resultType="com.board.domain.boardVO">
SELECT	
	bno, title, content, writer, regdate, viewcnt
FROM
	tb1_board
WHERE bno = #{bno}
</select>

<update id="update">
UPDATE tbl_board 
SET title =#{title}, content =#{content} 
WHERE bno = #{bno}
</update>

<delete id="delete">
DELETE FROM
tb1_board 
WHERE 
bno = #{bno}
</delete>

<select id="ListAll" resultType="com.board.domain.boardVO">
<![CDATA[
SELECT 
	bno, title, content, writer, regdate, viewcnt
FROM
	tb1_board
WHERE bno > 0 
ORDER BY bno desc, regdate desc
]]>
</select>


 
 </mapper>